<?xml version="1.0" encoding="UTF-8"?>
<!DOCTYPE hibernate-configuration PUBLIC "-//Hibernate/Hibernate Configuration DTD 3.0//EN" "http://www.hibernate.org/dtd/hibernate-configuration-3.0.dtd">

<hibernate-configuration>

	<session-factory> 
	
        <!-- JDBC Database connection settings -->
        <property name="connection.driver_class">oracle.jdbc.OracleDriver</property>
        <property name="connection.url">jdbc:oracle:thin:@DESKTOP-EPTT35F:1521:XE</property>
        <property name="connection.username">scott</property>
        <property name="connection.password">tiger</property>
        
        <!-- JDBC connection pool settings ... using built-in test pool -->
        <property name="connection.pool_size">1</property>
        
        <!-- Select our SQL dialect -->
        <property name="dialect">org.hibernate.dialect.Oracle10gDialect</property>
       
        <!-- Echo the SQL to stdout -->
        <property name="show_sql">true</property>
        
        <!-- Set the current session context -->
        <property name="current_session_context_class">thread</property>
        
        <!--table creation strategy on startup -->
        <property name="hbm2ddl.auto">update</property>
        
        <!-- dbcp connection pool configuration -->
        <property name="hibernate.dbcp.initialSize">5</property>
        <property name="hibernate.dbcp.maxTotal">20</property>
        <property name="hibernate.dbcp.maxIdle">10</property>
        <property name="hibernate.dbcp.minIdle">5</property>
        <property name="hibernate.dbcp.maxWaitMillis">-1</property>
        
        <mapping class="com.bank.Department" />
		<mapping class="com.bank.Student" />
		
	</session-factory>

</hibernate-configuration>
 